-- MariaDB dump 10.17  Distrib 10.4.15-MariaDB, for Linux (x86_64)
--
-- Host: mysql.hostinger.ro    Database: u574849695_21
-- ------------------------------------------------------
-- Server version	10.4.15-MariaDB-cll-lve

/*!40101 SET @OLD_CHARACTER_SET_CLIENT=@@CHARACTER_SET_CLIENT */;
/*!40101 SET @OLD_CHARACTER_SET_RESULTS=@@CHARACTER_SET_RESULTS */;
/*!40101 SET @OLD_COLLATION_CONNECTION=@@COLLATION_CONNECTION */;
/*!40101 SET NAMES utf8mb4 */;
/*!40103 SET @OLD_TIME_ZONE=@@TIME_ZONE */;
/*!40103 SET TIME_ZONE='+00:00' */;
/*!40014 SET @OLD_UNIQUE_CHECKS=@@UNIQUE_CHECKS, UNIQUE_CHECKS=0 */;
/*!40014 SET @OLD_FOREIGN_KEY_CHECKS=@@FOREIGN_KEY_CHECKS, FOREIGN_KEY_CHECKS=0 */;
/*!40101 SET @OLD_SQL_MODE=@@SQL_MODE, SQL_MODE='NO_AUTO_VALUE_ON_ZERO' */;
/*!40111 SET @OLD_SQL_NOTES=@@SQL_NOTES, SQL_NOTES=0 */;

--
-- Table structure for table `communities`
--

DROP TABLE IF EXISTS `communities`;
/*!40101 SET @saved_cs_client     = @@character_set_client */;
/*!40101 SET character_set_client = utf8 */;
CREATE TABLE `communities` (
  `id` bigint(20) unsigned NOT NULL AUTO_INCREMENT,
  `name` varchar(145) COLLATE utf8mb4_unicode_ci NOT NULL,
  `description` varchar(245) COLLATE utf8mb4_unicode_ci DEFAULT NULL,
  `admin_id` bigint(20) unsigned NOT NULL,
  PRIMARY KEY (`id`),
  KEY `fk_communities_users_admin_idx` (`admin_id`),
  CONSTRAINT `fk_communities_users` FOREIGN KEY (`admin_id`) REFERENCES `users` (`id`)
) ENGINE=InnoDB AUTO_INCREMENT=41 DEFAULT CHARSET=utf8mb4 COLLATE=utf8mb4_unicode_ci;
/*!40101 SET character_set_client = @saved_cs_client */;

--
-- Dumping data for table `communities`
--

LOCK TABLES `communities` WRITE;
/*!40000 ALTER TABLE `communities` DISABLE KEYS */;
INSERT INTO `communities` VALUES (1,'magni','Nihil quaerat temporibus ducimus ab ut officiis. Laborum dolores rerum beatae recusandae et vel. Eum est possimus et.',1),(2,'exercitationem','Inventore officia eum rerum minus. Provident dolorem reprehenderit hic quia qui nam dolor temporibus. Et laudantium assumenda ipsum ut. Rem vel ipsa omnis voluptas quisquam.',2),(3,'ea','Voluptatem et magni incidunt. Quod non magnam sunt ipsa iure minus neque. Corporis aspernatur voluptatem quidem libero iste temporibus. Unde minima omnis ex error quis.',3),(4,'qui','Doloribus ut nam eum ducimus voluptatem autem corporis nam. Accusantium qui voluptas officia quaerat sit animi qui.',4),(5,'vitae','Sint optio ea et eius incidunt. Sed praesentium repellendus voluptates voluptates consequatur magnam eum. Sed aliquid veritatis sed quae est qui dolore a.',5),(6,'voluptas','Tenetur cumque in dolorem natus aut. Quis aut magnam quibusdam et tempora voluptatum voluptatem. Consequatur error cupiditate aut tempora eos et. Possimus totam eos dolorem.',6),(7,'deleniti','Eos quis corrupti quas delectus. Veritatis ut sit sit quis fugit in. Est perspiciatis veritatis dolorem qui quia officia itaque necessitatibus. Impedit est distinctio quisquam laudantium nulla. Et at vitae animi accusamus autem ad dolorum.',7),(8,'quas','Quas ipsam non possimus qui non quis. Facere et rem dolorem officiis ducimus. Voluptatum qui sit aut quo ab qui. Voluptate unde aut nostrum dolor tempora eum nemo numquam.',8),(9,'voluptatem','Optio debitis at a dolor atque. Iusto neque delectus et id. Quam nihil totam rerum fugit qui reprehenderit porro. Velit dolorum porro illo voluptatem sed voluptas.',9),(10,'laudantium','Et et et labore maxime ea aut aut. Debitis officia blanditiis numquam aliquid. Aut distinctio illum numquam provident. Aut dolorem repudiandae voluptas asperiores ipsa voluptatem.',10),(11,'ipsum','Aut eligendi et vel ipsam debitis. Consequuntur libero est ipsam fugit pariatur explicabo ut minus.',11),(12,'nobis','Corrupti dolorem ea praesentium quis sint non nostrum. Quasi animi nulla id dignissimos rerum qui atque. Laborum voluptatum ut et qui. Cupiditate velit fugit quidem tempora nostrum cumque earum corrupti. Voluptatibus quisquam perspiciatis natus ',12),(13,'ex','Aut blanditiis vel et magnam atque sit. Et rerum eius alias minima quidem exercitationem consectetur. Impedit saepe adipisci ipsa aliquam ut rem qui in.',13),(14,'quisquam','Quam est vel error quo consequatur sit eligendi fuga. Eum tenetur officiis et dolorem. Dicta omnis voluptatem quasi soluta asperiores numquam facere. Porro autem sapiente recusandae laboriosam.',14),(15,'distinctio','Nostrum voluptatem perferendis autem impedit voluptatem aperiam. Rerum quos quidem molestiae quo doloremque. Voluptatem rerum ad provident sed. Quia dolorum qui ex tempore aut.',15),(16,'aliquam','Qui in fuga placeat modi aut deserunt voluptas. Id necessitatibus iusto et occaecati doloribus quidem minus. Non incidunt architecto vitae dolorem odit.',16),(17,'aspernatur','Delectus recusandae magnam et at eum qui. Est nisi totam neque praesentium. Omnis vel cum tenetur necessitatibus et tempora mollitia. Quia eos perspiciatis sunt inventore recusandae non fugit. Et adipisci quis dolor eius pariatur nostrum quaerat',17),(18,'eum','Et aperiam velit velit possimus. Sed dicta ea eos ipsum aut sint accusamus. Est natus repudiandae qui quas veritatis. Delectus dolore non incidunt vel aut.',18),(19,'ipsam','Quidem quis optio quia dolorum. Sint reiciendis molestias beatae qui ducimus fuga. Facere minus laborum repellat doloribus deserunt aut occaecati. Et pariatur eos deserunt sunt temporibus sapiente repellat.',19),(20,'voluptatem','Consequuntur fugiat hic impedit ut explicabo suscipit. Omnis non dolores enim aspernatur velit. Minima dolorum suscipit voluptatem pariatur ullam assumenda. Cupiditate dicta ullam nisi atque nesciunt sint iste.',20),(21,'nobis','Et quaerat est necessitatibus. Eos amet iste sequi beatae ut. Earum et ipsam minus aut ut sapiente voluptate. Eum nostrum corrupti eius dolorem omnis iusto.',21),(22,'placeat','Sequi vero atque assumenda ullam aut sequi. Ea ea rerum saepe odio labore adipisci numquam tenetur. Ut saepe corporis sunt molestiae.',22),(23,'quia','Et cum maiores deserunt deleniti dolor quod voluptatem. Temporibus iusto placeat eos et enim quia et. Et id possimus dignissimos nisi expedita molestiae. Placeat occaecati ut minus.',23),(24,'praesentium','Officia reprehenderit sunt est quia harum vel reprehenderit et. Dolor hic quas minima ut ad non non. Non id modi voluptatem numquam. Ex dolor ea odit sit.',24),(25,'et','In consectetur ratione quas et ex commodi autem ut. Molestiae autem odio praesentium aperiam. Omnis ad voluptas in et et eaque. Sint itaque iste provident.',25),(26,'reprehenderit','Explicabo vel odio optio nesciunt. Cum aliquid error et enim. Rerum est sed omnis non sint odit aut quo. Ut suscipit ut enim veniam.',26),(27,'placeat','Enim voluptatem qui ea corrupti. Sequi ut quaerat et magnam nostrum. Dolor qui cum eum fuga quia aut.',27),(28,'voluptatum','Dolorem velit ut accusamus modi nulla ipsa. Explicabo nisi ut beatae et non minus dolorem.',28),(29,'consequuntur','Explicabo minus numquam natus. Aspernatur numquam occaecati dolor voluptas consequatur ut delectus. Deleniti velit cum blanditiis adipisci.',29),(30,'cumque','Est rem quo molestiae similique esse. Aut architecto laborum ea autem aut. Repellendus iure sapiente ad. Voluptatum optio accusantium similique ipsa cum asperiores.',30),(31,'ea','Harum asperiores consectetur qui nihil. Sit vitae fuga cupiditate debitis voluptatem reprehenderit. Deleniti quam dolorem temporibus doloribus ducimus ratione.',31),(32,'eum','Vel soluta ab ad ut et doloremque est alias. Nemo et voluptatem dolorum. Et eius voluptatem sunt dicta non labore hic.',32),(33,'officia','Non maxime quasi ea omnis in. Maiores aut expedita dolor beatae consectetur. Incidunt nostrum amet est ut.',33),(34,'nemo','Possimus sit autem optio cumque. Ut impedit repellendus est nihil est tempora quia. Fugit dolorem dolor dolores accusantium.',34),(35,'qui','Molestiae consequatur quibusdam reprehenderit consequatur aut. Sit cumque similique nobis voluptatibus nesciunt. Dolorem et similique aut exercitationem. Voluptatem alias molestiae dolor deleniti quo.',35),(36,'et','Qui vero est voluptate temporibus ea nostrum. Quia velit recusandae iste esse. Eos iste voluptatum qui necessitatibus reprehenderit.',36),(37,'consequatur','Porro unde non cum unde quisquam et ut. Aut quo blanditiis doloremque impedit dolor vero est. Commodi eum officia dolorem iusto. Consequatur eveniet nostrum magni deleniti rerum temporibus.',37),(38,'repudiandae','Voluptatem occaecati ad iste explicabo quae doloremque ipsa. Et autem dolorem praesentium omnis eum accusantium corporis. Dignissimos aspernatur porro consectetur quis consequatur corporis eos vel.',38),(39,'molestias','Quod consequatur et excepturi tenetur et non et placeat. Consequatur corrupti laboriosam rerum blanditiis. Nesciunt corporis maiores expedita est accusantium tempore minima. Adipisci beatae illum explicabo consequuntur consequatur nulla quis vol',39),(40,'eveniet','Cum aperiam rerum et doloremque dolorem exercitationem provident. Nihil et architecto pariatur sit dolorem consectetur et. Eum harum exercitationem vel accusamus.',40);
/*!40000 ALTER TABLE `communities` ENABLE KEYS */;
UNLOCK TABLES;

--
-- Table structure for table `communities_users`
--

DROP TABLE IF EXISTS `communities_users`;
/*!40101 SET @saved_cs_client     = @@character_set_client */;
/*!40101 SET character_set_client = utf8 */;
CREATE TABLE `communities_users` (
  `community_id` bigint(20) unsigned NOT NULL,
  `user_id` bigint(20) unsigned NOT NULL,
  `created_at` datetime NOT NULL DEFAULT current_timestamp(),
  PRIMARY KEY (`community_id`,`user_id`),
  KEY `fk_communities_users_comm_idx` (`community_id`),
  KEY `fk_communities_users_users_idx` (`user_id`),
  CONSTRAINT `fk_communities_users_comm` FOREIGN KEY (`community_id`) REFERENCES `communities` (`id`),
  CONSTRAINT `fk_communities_users_users` FOREIGN KEY (`user_id`) REFERENCES `users` (`id`)
) ENGINE=InnoDB DEFAULT CHARSET=utf8mb4 COLLATE=utf8mb4_unicode_ci;
/*!40101 SET character_set_client = @saved_cs_client */;

--
-- Dumping data for table `communities_users`
--

LOCK TABLES `communities_users` WRITE;
/*!40000 ALTER TABLE `communities_users` DISABLE KEYS */;
INSERT INTO `communities_users` VALUES (1,1,'1983-11-29 04:32:39'),(1,41,'2005-08-31 07:27:12'),(2,2,'1991-10-29 16:28:52'),(2,42,'2006-06-29 13:35:38'),(3,3,'1993-09-05 20:13:28'),(3,43,'1990-04-29 04:56:21'),(4,4,'2019-12-10 12:33:38'),(4,44,'2004-08-18 22:25:53'),(5,5,'2021-02-05 12:48:27'),(5,45,'2015-05-15 22:15:40'),(6,6,'2016-07-12 11:39:41'),(6,46,'1977-09-27 08:50:28'),(7,7,'1979-01-03 13:10:23'),(7,47,'1991-09-10 03:20:52'),(8,8,'1994-07-15 06:35:59'),(8,48,'2006-11-14 05:34:53'),(9,9,'1998-08-28 01:43:52'),(9,49,'2007-03-07 12:33:23'),(10,10,'1985-05-19 16:09:13'),(10,50,'2019-08-21 08:22:34'),(11,11,'1980-02-04 09:11:39'),(11,51,'1978-01-10 22:37:34'),(12,12,'2012-05-11 20:06:29'),(12,52,'2019-08-02 14:25:38'),(13,13,'1988-12-02 14:17:31'),(13,53,'1990-11-12 13:18:02'),(14,14,'1979-01-03 23:07:01'),(14,54,'2011-04-23 18:09:12'),(15,15,'2011-11-17 01:48:56'),(15,55,'1994-03-26 01:03:24'),(16,16,'1997-11-11 15:03:16'),(16,56,'1989-03-28 19:26:39'),(17,17,'1973-04-12 03:37:46'),(17,57,'1983-07-19 06:36:15'),(18,18,'1999-04-06 09:06:34'),(18,58,'2017-10-30 06:45:42'),(19,19,'1972-10-20 22:16:12'),(19,59,'1975-12-05 10:06:50'),(20,20,'2010-09-30 17:40:32'),(20,60,'1995-04-27 18:06:15'),(21,21,'1986-09-10 13:30:59'),(21,61,'1988-04-15 16:06:05'),(22,22,'1974-03-15 07:59:56'),(22,62,'1997-01-13 17:03:01'),(23,23,'1996-11-01 00:04:02'),(23,63,'1977-09-30 17:58:31'),(24,24,'2021-02-19 10:33:54'),(24,64,'1975-07-15 12:10:24'),(25,25,'2001-12-18 19:45:44'),(25,65,'2005-05-27 10:53:23'),(26,26,'2009-05-12 17:16:23'),(27,27,'1974-08-19 23:16:27'),(28,28,'1992-04-11 07:49:59'),(29,29,'2018-01-03 23:58:08'),(30,30,'2007-08-24 08:54:03'),(31,31,'2007-08-03 04:28:55'),(32,32,'1976-10-13 17:01:07'),(33,33,'2019-10-20 03:16:03'),(34,34,'2019-12-17 13:58:09'),(35,35,'2016-04-23 02:08:17'),(36,36,'1996-06-01 20:49:19'),(37,37,'1997-04-13 11:14:29'),(38,38,'2000-07-01 14:12:44'),(39,39,'1987-03-13 10:50:48'),(40,40,'2011-09-08 05:24:38');
/*!40000 ALTER TABLE `communities_users` ENABLE KEYS */;
UNLOCK TABLES;

--
-- Table structure for table `friend_requests`
--

DROP TABLE IF EXISTS `friend_requests`;
/*!40101 SET @saved_cs_client     = @@character_set_client */;
/*!40101 SET character_set_client = utf8 */;
CREATE TABLE `friend_requests` (
  `from_user_id` bigint(20) unsigned NOT NULL,
  `to_user_id` bigint(20) unsigned NOT NULL,
  `accepted` tinyint(1) DEFAULT 0,
  `created_at` datetime DEFAULT current_timestamp(),
  `updated_at` datetime DEFAULT NULL ON UPDATE current_timestamp(),
  PRIMARY KEY (`from_user_id`,`to_user_id`),
  KEY `fk_friend_requests_from_user_idx` (`from_user_id`),
  KEY `fk_friend_requests_to_user_idx` (`to_user_id`),
  CONSTRAINT `fk_friend_requests_users_1` FOREIGN KEY (`from_user_id`) REFERENCES `users` (`id`),
  CONSTRAINT `fk_friend_requests_users_2` FOREIGN KEY (`to_user_id`) REFERENCES `users` (`id`)
) ENGINE=InnoDB DEFAULT CHARSET=utf8mb4 COLLATE=utf8mb4_unicode_ci;
/*!40101 SET character_set_client = @saved_cs_client */;

--
-- Dumping data for table `friend_requests`
--

LOCK TABLES `friend_requests` WRITE;
/*!40000 ALTER TABLE `friend_requests` DISABLE KEYS */;
INSERT INTO `friend_requests` VALUES (1,1,0,'2016-07-03 15:23:29','1990-07-05 17:09:50'),(2,2,0,'2006-09-05 08:57:11','1971-03-13 17:37:07'),(3,3,0,'1970-07-08 13:43:53','1991-01-31 17:30:48'),(4,4,0,'1993-10-30 04:52:00','2020-07-14 06:23:01'),(5,5,0,'2019-02-03 20:36:20','1987-08-09 12:52:06'),(6,6,0,'2018-04-29 01:38:01','1974-08-19 05:20:29'),(7,7,0,'2008-01-18 07:41:24','1970-06-02 18:38:16'),(8,8,0,'1993-11-12 00:02:14','2006-10-29 09:40:29'),(9,9,0,'2001-08-13 19:54:38','1987-05-07 15:57:58'),(10,10,0,'1982-06-17 19:48:52','2020-09-12 20:19:27'),(11,11,0,'1978-07-30 06:07:05','1976-06-07 11:45:55'),(12,12,0,'1970-12-26 02:27:12','1972-10-22 06:46:50'),(13,13,0,'2001-10-02 21:31:34','1984-02-04 06:23:41'),(14,14,0,'2014-12-02 09:02:19','2005-11-05 05:23:06'),(15,15,0,'1989-11-27 14:32:05','1991-09-01 13:33:15'),(16,16,0,'1999-04-25 10:30:54','2011-02-06 01:23:47'),(17,17,0,'2005-12-22 14:33:58','2001-04-24 08:17:23'),(18,18,0,'2021-01-29 11:52:41','1998-02-07 07:46:39'),(19,19,0,'1985-01-30 15:30:44','1981-06-17 08:27:36'),(20,20,0,'1974-11-03 03:59:34','2000-06-17 18:23:40');
/*!40000 ALTER TABLE `friend_requests` ENABLE KEYS */;
UNLOCK TABLES;

--
-- Table structure for table `media`
--

DROP TABLE IF EXISTS `media`;
/*!40101 SET @saved_cs_client     = @@character_set_client */;
/*!40101 SET character_set_client = utf8 */;
CREATE TABLE `media` (
  `id` bigint(20) unsigned NOT NULL AUTO_INCREMENT,
  `user_id` bigint(20) unsigned NOT NULL,
  `media_types_id` int(10) unsigned NOT NULL,
  `file_name` varchar(245) COLLATE utf8mb4_unicode_ci DEFAULT NULL COMMENT '/files/folder/img.png',
  `file_size` bigint(20) DEFAULT NULL,
  `created_at` datetime NOT NULL DEFAULT current_timestamp(),
  PRIMARY KEY (`id`),
  KEY `fk_media_media_types_idx` (`media_types_id`),
  KEY `fk_media_users_idx` (`user_id`),
  CONSTRAINT `fk_media_media_types` FOREIGN KEY (`media_types_id`) REFERENCES `media_types` (`id`),
  CONSTRAINT `fk_media_users` FOREIGN KEY (`user_id`) REFERENCES `users` (`id`)
) ENGINE=InnoDB AUTO_INCREMENT=101 DEFAULT CHARSET=utf8mb4 COLLATE=utf8mb4_unicode_ci;
/*!40101 SET character_set_client = @saved_cs_client */;

--
-- Dumping data for table `media`
--

LOCK TABLES `media` WRITE;
/*!40000 ALTER TABLE `media` DISABLE KEYS */;
INSERT INTO `media` VALUES (1,1,1,'ad',91208745,'1998-02-03 00:07:13'),(2,2,2,'est',8967255,'1981-10-27 07:37:40'),(3,3,3,'et',7,'1973-05-11 20:09:23'),(4,4,4,'eum',706500,'1970-07-25 15:01:43'),(5,5,1,'nostrum',89245275,'1990-11-11 21:25:17'),(6,6,2,'ducimus',12542,'1987-11-04 00:36:45'),(7,7,3,'eos',15,'2002-07-10 02:06:24'),(8,8,4,'qui',5,'1982-06-12 07:41:26'),(9,9,1,'unde',688,'1990-03-29 22:25:32'),(10,10,2,'sed',2890,'1978-08-30 16:36:32'),(11,11,3,'ullam',6,'2008-02-13 20:39:29'),(12,12,4,'velit',584639,'1986-07-30 07:54:20'),(13,13,1,'optio',38352,'1979-07-22 20:23:38'),(14,14,2,'provident',0,'2003-08-06 13:37:00'),(15,15,3,'minima',90072381,'1992-11-12 23:29:43'),(16,16,4,'odit',774,'1979-06-22 16:41:43'),(17,17,1,'animi',77493,'1991-10-30 05:33:44'),(18,18,2,'et',0,'1977-02-27 20:28:56'),(19,19,3,'aut',84,'1981-04-11 14:36:14'),(20,20,4,'similique',0,'1979-06-23 15:39:03'),(21,21,1,'cupiditate',485,'1990-06-10 13:16:48'),(22,22,2,'et',940694,'1974-03-31 03:28:17'),(23,23,3,'omnis',0,'2013-11-27 06:11:53'),(24,24,4,'perferendis',18159,'1986-03-30 00:05:44'),(25,25,1,'doloribus',301566,'2011-07-25 23:28:44'),(26,26,2,'deserunt',9233,'2005-12-30 03:34:18'),(27,27,3,'distinctio',2825,'1992-10-01 09:05:51'),(28,28,4,'velit',45507226,'1994-02-21 20:17:41'),(29,29,1,'illum',49,'2010-01-28 17:12:41'),(30,30,2,'itaque',0,'1996-01-25 00:20:20'),(31,31,3,'quia',543,'2014-08-07 00:10:44'),(32,32,4,'ducimus',51375,'1990-11-10 07:03:57'),(33,33,1,'quisquam',3423886,'2006-11-13 15:20:08'),(34,34,2,'sint',6441,'1991-01-25 16:17:29'),(35,35,3,'ut',23411930,'1989-03-29 10:06:42'),(36,36,4,'autem',488956275,'1993-08-04 23:21:01'),(37,37,1,'distinctio',412050736,'1991-02-21 02:54:22'),(38,38,2,'non',8294242,'2012-02-12 05:31:57'),(39,39,3,'ducimus',2,'1990-06-03 00:56:06'),(40,40,4,'est',36660,'1972-08-27 01:27:24'),(41,41,1,'ut',404,'2020-09-18 12:24:52'),(42,42,2,'est',2299,'1996-03-29 09:25:03'),(43,43,3,'nihil',17455,'1983-09-17 09:16:49'),(44,44,4,'numquam',83033,'2009-09-03 15:47:09'),(45,45,1,'in',90449,'2007-01-15 07:19:55'),(46,46,2,'nemo',8,'2020-07-01 09:54:27'),(47,47,3,'placeat',762,'1977-06-13 05:45:59'),(48,48,4,'dignissimos',6,'2002-06-20 02:22:08'),(49,49,1,'nemo',289522,'1998-04-24 14:07:04'),(50,50,2,'unde',235392,'2017-04-24 18:35:34'),(51,51,3,'id',0,'1994-09-21 06:54:29'),(52,52,4,'nisi',874,'1991-12-31 13:07:23'),(53,53,1,'similique',3386891,'1982-11-02 12:19:48'),(54,54,2,'ut',62797369,'2016-05-23 17:43:44'),(55,55,3,'autem',964098929,'1986-11-21 08:29:14'),(56,56,4,'quos',1974,'1972-11-09 08:54:40'),(57,57,1,'ex',21,'2008-04-24 22:22:28'),(58,58,2,'dolore',2,'2019-01-09 18:55:25'),(59,59,3,'at',702,'2017-06-24 02:10:21'),(60,60,4,'animi',0,'1995-05-27 02:21:27'),(61,61,1,'voluptatum',8,'1973-11-17 16:38:04'),(62,62,2,'aut',72381676,'1999-09-09 09:58:01'),(63,63,3,'mollitia',6,'1991-06-13 06:32:18'),(64,64,4,'cupiditate',65,'2008-01-25 08:39:41'),(65,65,1,'quidem',148166,'2016-05-14 22:54:27'),(66,66,2,'iure',354541,'2010-01-16 20:15:09'),(67,67,3,'voluptatibus',55915,'2004-01-28 08:15:59'),(68,68,4,'dolorum',705,'1999-09-30 22:38:09'),(69,69,1,'harum',21333,'1971-05-12 16:52:52'),(70,70,2,'dolor',1,'1988-04-28 04:17:46'),(71,71,3,'aperiam',57473,'1996-01-05 16:47:30'),(72,72,4,'rerum',788619479,'1979-05-24 19:56:20'),(73,73,1,'accusantium',96718,'1971-10-03 04:26:14'),(74,74,2,'voluptas',793144308,'2002-10-02 10:10:25'),(75,75,3,'cum',9019613,'2004-09-17 06:48:13'),(76,76,4,'totam',205337233,'2002-11-11 10:56:43'),(77,77,1,'voluptates',915256,'1999-11-23 17:13:05'),(78,78,2,'amet',0,'2015-07-14 13:03:39'),(79,79,3,'quo',9169000,'1990-05-29 01:56:57'),(80,80,4,'reiciendis',2203,'1971-09-14 04:00:18'),(81,81,1,'dolorem',45,'2004-04-22 20:37:13'),(82,82,2,'et',74910,'2013-08-29 16:14:25'),(83,83,3,'saepe',228,'1996-08-19 09:01:26'),(84,84,4,'laborum',569,'1978-05-19 12:43:03'),(85,85,1,'sed',466,'2011-01-20 00:46:12'),(86,86,2,'vitae',0,'1980-04-15 18:19:41'),(87,87,3,'eum',440824524,'2019-06-14 03:09:50'),(88,88,4,'vitae',6575007,'1984-03-23 11:30:06'),(89,89,1,'consequuntur',0,'1977-12-21 12:46:19'),(90,90,2,'reprehenderit',64,'1979-05-17 01:48:52'),(91,91,3,'est',7811,'2004-11-24 20:15:58'),(92,92,4,'omnis',5399178,'1994-11-28 13:51:57'),(93,93,1,'dolor',83080,'1979-07-05 14:08:37'),(94,94,2,'et',65,'2005-11-26 18:53:34'),(95,95,3,'non',652780774,'1997-04-30 06:19:21'),(96,96,4,'quis',6269,'2013-10-08 08:45:54'),(97,97,1,'rem',52455,'1986-02-11 01:57:49'),(98,98,2,'fuga',443795152,'2018-01-11 03:24:06'),(99,99,3,'aut',5,'1985-10-10 02:25:40'),(100,100,4,'harum',796717516,'1978-06-13 23:29:24');
/*!40000 ALTER TABLE `media` ENABLE KEYS */;
UNLOCK TABLES;

--
-- Table structure for table `media_types`
--

DROP TABLE IF EXISTS `media_types`;
/*!40101 SET @saved_cs_client     = @@character_set_client */;
/*!40101 SET character_set_client = utf8 */;
CREATE TABLE `media_types` (
  `id` int(10) unsigned NOT NULL AUTO_INCREMENT,
  `name` varchar(45) COLLATE utf8mb4_unicode_ci NOT NULL,
  PRIMARY KEY (`id`),
  UNIQUE KEY `name` (`name`)
) ENGINE=InnoDB AUTO_INCREMENT=5 DEFAULT CHARSET=utf8mb4 COLLATE=utf8mb4_unicode_ci;
/*!40101 SET character_set_client = @saved_cs_client */;

--
-- Dumping data for table `media_types`
--

LOCK TABLES `media_types` WRITE;
/*!40000 ALTER TABLE `media_types` DISABLE KEYS */;
INSERT INTO `media_types` VALUES (1,'ab'),(4,'accusantium'),(3,'autem'),(2,'in');
/*!40000 ALTER TABLE `media_types` ENABLE KEYS */;
UNLOCK TABLES;

--
-- Table structure for table `messages`
--

DROP TABLE IF EXISTS `messages`;
/*!40101 SET @saved_cs_client     = @@character_set_client */;
/*!40101 SET character_set_client = utf8 */;
CREATE TABLE `messages` (
  `id` bigint(20) unsigned NOT NULL AUTO_INCREMENT,
  `from_user_id` bigint(20) unsigned NOT NULL,
  `to_user_id` bigint(20) unsigned NOT NULL,
  `txt` text COLLATE utf8mb4_unicode_ci NOT NULL,
  `is_delivered` tinyint(1) DEFAULT 0,
  `created_at` datetime NOT NULL DEFAULT current_timestamp(),
  `updated_at` datetime DEFAULT NULL ON UPDATE current_timestamp(),
  PRIMARY KEY (`id`),
  KEY `fk_messages_from_user_idx` (`from_user_id`),
  KEY `fk_messages_to_user_idx` (`to_user_id`),
  CONSTRAINT `fk_messages_users_1` FOREIGN KEY (`from_user_id`) REFERENCES `users` (`id`),
  CONSTRAINT `fk_messages_users_2` FOREIGN KEY (`to_user_id`) REFERENCES `users` (`id`)
) ENGINE=InnoDB AUTO_INCREMENT=101 DEFAULT CHARSET=utf8mb4 COLLATE=utf8mb4_unicode_ci;
/*!40101 SET character_set_client = @saved_cs_client */;

--
-- Dumping data for table `messages`
--

LOCK TABLES `messages` WRITE;
/*!40000 ALTER TABLE `messages` DISABLE KEYS */;
INSERT INTO `messages` VALUES (1,1,1,'Laudantium asperiores corporis in quae.',1,'1981-05-30 08:22:41','1999-12-17 07:15:09'),(2,2,2,'Ex aut est id sunt repellendus atque sit.',0,'2016-04-01 09:39:08','1975-10-29 19:02:04'),(3,3,3,'Ex laboriosam aliquid molestias natus dolore distinctio.',0,'2019-10-24 22:11:12','1974-12-31 20:47:33'),(4,4,4,'Quidem temporibus ut libero repellendus.',1,'1996-06-18 00:51:45','1971-04-21 20:33:26'),(5,5,5,'Ut fuga delectus quo.',1,'2007-05-19 18:59:33','1993-05-24 17:10:44'),(6,6,6,'Qui ex itaque exercitationem facere accusantium magni est esse.',1,'1985-05-15 15:05:41','2009-12-10 08:31:08'),(7,7,7,'Est quia ut dolorum numquam veniam et recusandae.',1,'2014-12-31 08:46:25','1988-10-21 22:09:30'),(8,8,8,'Recusandae ex laboriosam et sed labore magnam voluptates.',1,'1985-07-02 10:28:38','1980-03-27 09:57:32'),(9,9,9,'Eum eligendi error est eos cum.',0,'1978-07-25 08:28:53','1989-11-20 02:53:32'),(10,10,10,'Eaque voluptatem repellat repudiandae.',0,'2019-05-16 22:46:56','1984-08-28 05:18:17'),(11,11,11,'Mollitia et aut recusandae nemo minima eveniet perspiciatis.',1,'1980-04-29 23:13:46','1979-11-16 18:29:20'),(12,12,12,'Non aperiam reprehenderit totam explicabo.',0,'2003-08-16 02:14:41','2007-04-05 23:20:21'),(13,13,13,'Repellat hic et et id excepturi consequuntur porro.',0,'1993-07-31 17:30:33','2013-05-30 07:10:47'),(14,14,14,'Eos tempora consequatur quod illum eos.',1,'1994-12-29 00:00:40','2020-11-10 04:33:13'),(15,15,15,'Beatae ut cumque iusto autem voluptatibus aut tenetur dolor.',0,'1991-12-22 07:21:03','2018-08-05 06:50:01'),(16,16,16,'Aut ipsum hic et sint voluptatem.',1,'1976-03-08 03:27:29','2017-03-25 05:13:15'),(17,17,17,'Et magni sed voluptates cumque omnis saepe.',0,'1983-10-02 13:00:31','2005-01-08 10:07:03'),(18,18,18,'Saepe dicta qui ipsum perferendis.',0,'2011-03-06 13:26:47','1993-11-11 16:16:40'),(19,19,19,'Et eligendi at enim minima quis voluptatem.',1,'1973-10-31 02:59:17','1983-07-21 06:07:14'),(20,20,20,'Consequatur exercitationem totam molestiae rerum.',0,'2020-01-29 20:43:53','2000-12-14 19:36:18'),(21,21,21,'Assumenda et quasi libero unde.',1,'2011-09-01 07:44:56','2016-02-20 01:01:29'),(22,22,22,'Officia culpa id error corporis.',0,'2002-01-14 14:30:06','2019-12-03 19:49:18'),(23,23,23,'Delectus nesciunt enim ut ea dolorem ipsum ipsam placeat.',1,'1974-08-05 18:22:33','2003-11-01 02:51:08'),(24,24,24,'Voluptatibus occaecati officia odio quaerat ea minima.',0,'2011-06-06 23:22:08','1975-12-08 08:32:36'),(25,25,25,'Sit et ab voluptas accusamus optio excepturi rerum.',1,'2020-08-29 14:35:57','1989-07-31 20:36:05'),(26,26,26,'Voluptas perspiciatis ut ab qui.',1,'1970-02-15 13:49:37','2005-04-11 02:10:50'),(27,27,27,'Nihil nisi dicta officiis.',1,'2006-02-24 13:54:24','1979-11-22 09:20:03'),(28,28,28,'Repudiandae fugit aspernatur autem esse asperiores non ad.',1,'2009-10-10 09:58:28','2000-11-02 03:29:29'),(29,29,29,'Et quaerat necessitatibus illum sit et.',0,'1991-02-25 17:37:56','2020-11-05 08:42:53'),(30,30,30,'Est ullam distinctio eos error.',1,'2005-05-13 01:45:02','1984-03-20 06:31:05'),(31,31,31,'Aut ducimus velit sed qui.',1,'1989-02-18 21:38:53','1979-09-11 00:36:04'),(32,32,32,'Blanditiis dolore cum fugiat.',0,'2005-10-14 13:17:17','1985-05-25 02:12:11'),(33,33,33,'Consequuntur sapiente nisi exercitationem nisi qui voluptatem libero quaerat.',0,'1986-10-23 18:20:21','1982-09-23 22:21:12'),(34,34,34,'Laboriosam sint fugit inventore autem.',0,'1991-03-07 19:17:50','1978-04-03 22:00:08'),(35,35,35,'Sint enim sit voluptatum explicabo et delectus.',0,'1973-06-21 13:03:13','1987-10-29 19:44:54'),(36,36,36,'Non ratione ea facilis laborum quis ad.',1,'1986-10-31 15:12:14','2010-11-06 02:29:13'),(37,37,37,'Rerum ut dolor tenetur exercitationem consequatur.',0,'2013-01-04 19:00:22','2014-05-30 13:38:45'),(38,38,38,'Fugiat quae dolores sed eum vel.',0,'1983-09-06 10:33:28','2003-04-22 02:28:08'),(39,39,39,'Odit aut architecto quis et quisquam ipsum.',1,'2016-03-07 10:39:10','1987-02-25 08:42:32'),(40,40,40,'Aliquid cum dignissimos minima non dolorem tempora doloremque sit.',1,'1977-04-19 23:01:55','2017-12-20 12:44:17'),(41,41,41,'Et necessitatibus omnis aperiam odio necessitatibus sint accusamus.',1,'2014-10-27 12:13:53','2018-11-19 22:38:21'),(42,42,42,'Dicta earum quaerat dolor nobis iste exercitationem voluptatem.',0,'1988-06-13 16:11:17','1973-09-28 05:41:19'),(43,43,43,'Ut rerum impedit laboriosam voluptatem.',0,'2003-10-16 21:59:58','2013-04-26 06:38:40'),(44,44,44,'Repellendus eos ut ullam qui tenetur possimus.',1,'2010-12-05 22:10:36','1980-09-02 02:46:36'),(45,45,45,'Dignissimos et autem et quas cumque ut.',1,'2015-10-07 16:53:54','2013-06-26 21:10:15'),(46,46,46,'Qui ipsa unde sequi reiciendis rerum est vitae.',0,'2013-07-06 03:47:12','2009-02-25 15:29:34'),(47,47,47,'Est sed sint libero iusto saepe et ut.',0,'1976-11-22 04:44:39','2019-05-23 01:17:59'),(48,48,48,'Est commodi eaque repellat molestiae repudiandae earum provident eum.',0,'1988-06-10 17:12:20','2003-12-07 19:00:08'),(49,49,49,'Odit eveniet et animi voluptatum.',1,'2000-08-26 14:38:58','2011-11-10 14:42:41'),(50,50,50,'Molestias sit voluptas explicabo quas cum eius.',1,'1981-01-19 14:33:46','1993-04-20 19:24:17'),(51,51,51,'Quae repellat ut rerum laudantium numquam suscipit error.',1,'1971-08-21 21:03:09','2014-02-06 20:04:18'),(52,52,52,'Veniam id soluta optio qui.',0,'2014-08-06 20:55:19','1971-01-17 23:45:39'),(53,53,53,'Officiis blanditiis sit voluptatem voluptas.',0,'1980-06-28 08:30:25','1977-09-05 01:16:35'),(54,54,54,'Magni blanditiis inventore aut corporis illo.',0,'1979-08-03 23:01:29','2009-12-23 06:12:23'),(55,55,55,'Perspiciatis qui molestias facere.',0,'1987-01-11 08:15:40','1970-03-21 19:54:32'),(56,56,56,'Facere ut modi optio quos.',1,'1991-02-06 19:27:24','1989-04-30 00:06:03'),(57,57,57,'Nihil corrupti adipisci quod ducimus asperiores.',1,'1989-02-08 05:21:23','1975-06-28 07:48:30'),(58,58,58,'Dolores exercitationem at consequuntur qui.',1,'1980-03-12 05:22:36','2005-12-23 08:47:16'),(59,59,59,'Quia ducimus cupiditate mollitia corrupti iusto distinctio.',1,'1998-10-10 08:17:55','1984-01-12 15:57:40'),(60,60,60,'Autem beatae quia nam.',1,'2012-01-03 09:14:48','1988-10-08 14:50:24'),(61,61,61,'Dolor aut corrupti maxime dolorem eos dolorem et.',0,'1994-07-11 16:45:39','1977-06-28 10:13:49'),(62,62,62,'Consequuntur illum veniam cumque sit nisi repellendus.',1,'1989-12-08 01:10:20','2015-09-15 19:40:12'),(63,63,63,'Enim sunt dolores totam quo natus assumenda et.',0,'1982-06-17 16:52:13','2000-01-16 04:16:37'),(64,64,64,'In fugiat commodi enim impedit.',1,'1984-03-08 16:48:50','1987-06-29 10:38:22'),(65,65,65,'Sed eos aut ad minima nisi asperiores non.',1,'2020-12-23 03:22:16','1993-05-20 13:41:34'),(66,66,66,'Ab est sed omnis quia aliquid quis.',1,'2020-11-05 04:02:13','1976-06-06 08:15:37'),(67,67,67,'Est blanditiis est perferendis rerum et.',0,'1996-01-27 22:50:33','1978-12-10 17:50:31'),(68,68,68,'Dolorem hic autem atque ipsa eveniet.',0,'1994-07-08 08:22:33','2011-04-22 04:42:54'),(69,69,69,'Veritatis natus facilis tenetur neque cumque rem similique.',0,'2007-11-24 07:03:51','1997-03-12 10:18:11'),(70,70,70,'Sequi quia sunt omnis beatae atque.',0,'1999-11-14 03:46:40','2011-09-19 15:22:25'),(71,71,71,'Tempore laudantium rerum et molestiae eum ipsam.',0,'2000-10-31 13:58:21','1983-03-23 20:05:16'),(72,72,72,'Id ipsam est voluptas ex rerum quas.',1,'2006-08-08 16:44:46','1983-10-03 18:09:58'),(73,73,73,'Maiores voluptas non sint enim.',0,'1990-08-02 19:43:56','2018-12-03 14:38:38'),(74,74,74,'Atque voluptas amet dolor dignissimos nam est qui.',0,'2015-03-09 11:22:17','2008-04-27 14:27:13'),(75,75,75,'Velit ducimus velit possimus asperiores facere.',0,'2004-09-22 08:56:10','1973-12-25 23:31:20'),(76,76,76,'Repellat nihil id et odio numquam voluptatem nihil.',1,'2011-04-09 09:21:36','2012-10-18 01:41:17'),(77,77,77,'Et doloremque non consequatur quos voluptatem corporis quis.',1,'2016-08-12 06:56:55','1993-08-17 01:16:40'),(78,78,78,'Reprehenderit veritatis repellat facere qui.',0,'1974-05-22 01:59:11','2000-03-04 04:20:16'),(79,79,79,'Tempora est possimus corrupti libero reiciendis architecto.',0,'1996-12-15 16:53:28','1983-04-09 06:50:28'),(80,80,80,'Laborum sit ducimus voluptates consequatur soluta.',0,'1987-06-22 15:14:19','1984-01-02 08:47:07'),(81,81,81,'Officiis ipsa unde repellendus.',1,'1989-05-29 21:10:25','1970-03-09 07:24:31'),(82,82,82,'Eius ut accusantium sequi voluptatum.',1,'1987-01-25 18:47:11','2010-03-28 06:37:02'),(83,83,83,'Et excepturi labore molestiae qui molestiae.',1,'1986-01-30 19:22:35','1979-07-04 04:34:07'),(84,84,84,'Ut aut voluptatum et voluptas et similique.',1,'1985-04-17 09:26:03','2015-04-24 21:02:53'),(85,85,85,'Inventore consequatur aut in possimus rerum.',0,'1973-02-10 09:56:04','1973-05-23 05:17:39'),(86,86,86,'Doloremque velit sed porro ratione dolor.',0,'1994-08-31 17:04:05','1971-04-02 07:12:31'),(87,87,87,'Aliquam vitae est itaque qui fuga ea sequi.',0,'2012-04-08 15:43:55','1990-08-10 23:55:26'),(88,88,88,'Illo in eius mollitia incidunt fugit non.',0,'1978-11-17 23:47:49','1972-05-14 23:56:25'),(89,89,89,'Non ad earum omnis quae et cupiditate et.',0,'2006-07-05 15:27:35','1975-07-25 04:39:29'),(90,90,90,'Minus perferendis odio incidunt voluptatem qui quo iusto.',1,'2009-06-25 23:44:33','2013-07-25 01:18:13'),(91,91,91,'Voluptate et et nihil dolorem.',1,'2012-01-15 17:50:20','2021-01-19 07:16:53'),(92,92,92,'Iusto quidem esse adipisci dolores.',0,'1999-12-10 03:22:01','1971-02-03 20:50:11'),(93,93,93,'Aut architecto et praesentium voluptatem sunt ipsam a.',1,'2010-11-11 01:56:07','1994-10-12 22:10:24'),(94,94,94,'Officiis laudantium quos ut.',1,'1980-01-24 10:15:13','2001-10-26 17:12:56'),(95,95,95,'Iure magni voluptas porro excepturi quidem in.',0,'2018-10-26 16:34:56','1982-02-23 01:12:57'),(96,96,96,'Quod voluptas voluptas magnam et quod sunt enim.',1,'2005-09-11 04:25:28','2000-02-06 07:30:06'),(97,97,97,'Ad eveniet quod quia.',1,'2010-04-19 06:11:18','2020-10-19 18:49:18'),(98,98,98,'Beatae natus nisi recusandae illum perspiciatis.',1,'1984-05-15 01:08:25','2005-08-22 19:26:36'),(99,99,99,'Quo tenetur aut quo exercitationem harum voluptatem tempora.',1,'1996-07-09 20:28:32','2000-06-07 14:57:35'),(100,100,100,'Quia reiciendis et omnis odit sint ex.',1,'2004-01-27 17:19:28','1999-10-04 01:33:22');
/*!40000 ALTER TABLE `messages` ENABLE KEYS */;
UNLOCK TABLES;

--
-- Table structure for table `profiles`
--

DROP TABLE IF EXISTS `profiles`;
/*!40101 SET @saved_cs_client     = @@character_set_client */;
/*!40101 SET character_set_client = utf8 */;
CREATE TABLE `profiles` (
  `user_id` bigint(20) unsigned NOT NULL,
  `gender` enum('f','m','x') COLLATE utf8mb4_unicode_ci NOT NULL,
  `birthday` date NOT NULL,
  `photo_id` bigint(20) unsigned DEFAULT NULL,
  `user_status` varchar(30) COLLATE utf8mb4_unicode_ci DEFAULT NULL,
  `city` varchar(130) COLLATE utf8mb4_unicode_ci DEFAULT NULL,
  `country` varchar(130) COLLATE utf8mb4_unicode_ci DEFAULT NULL,
  UNIQUE KEY `fk_profiles_users_to_idx` (`user_id`),
  UNIQUE KEY `photo_id` (`photo_id`),
  CONSTRAINT `fk_profiles_users` FOREIGN KEY (`user_id`) REFERENCES `users` (`id`)
) ENGINE=InnoDB DEFAULT CHARSET=utf8mb4 COLLATE=utf8mb4_unicode_ci;
/*!40101 SET character_set_client = @saved_cs_client */;

--
-- Dumping data for table `profiles`
--

LOCK TABLES `profiles` WRITE;
/*!40000 ALTER TABLE `profiles` DISABLE KEYS */;
INSERT INTO `profiles` VALUES (1,'m','2010-07-25',485,'Dicta qui nulla sapiente sunt ','West Emerald','845290148'),(2,'m','1998-07-13',67511,'Eaque modi voluptas quod quam ','West Sebastianberg','63559'),(3,'x','1972-04-24',6,'Ut consequuntur et numquam vit','Annabellestad','13077'),(4,'m','2012-08-17',7,'In nihil esse in velit repella','Wehnerland','792'),(5,'x','1999-06-10',635,'Perferendis non repudiandae po','West Stone','512711520'),(6,'f','1988-07-16',74522,'Dolor laboriosam optio dolorem','Lake Durward','67'),(7,'m','1971-08-23',8734,'Occaecati vel rerum odio volup','Wunschview',''),(8,'m','1999-09-07',6535,'Ad non beatae omnis sint deser','Tiannaburgh','7880954'),(9,'x','2015-11-11',251,'Et quae eius dolore tenetur as','East Cathrine','54369'),(10,'x','1996-06-14',787161669,'Assumenda dolores rerum debiti','North Doyle','802342724'),(11,'f','2011-02-06',27954512,'Vel est id molestiae dicta. It','South Carson','635837'),(12,'m','2000-11-21',669024,'Error cupiditate in alias a qu','East Chyna',''),(13,'x','2014-04-17',150523,'Eum repellendus explicabo dolo','North Elvie','793'),(14,'f','2014-09-04',602022163,'Vitae possimus eius inventore ','Eichmannville','2161763'),(15,'f','2002-07-23',392614722,'Accusamus natus corrupti nam a','West Kathlyn','3478541'),(16,'x','2008-05-15',93616,'Aliquam totam assumenda omnis ','East Kaceytown','251924'),(17,'x','1976-03-18',697690,'Id accusamus quas ut ullam deb','Bentonville',''),(18,'f','1985-04-15',73355,'Natus quia reprehenderit nihil','Lake Ettie','17'),(19,'x','2008-12-25',4,'Incidunt dolorum quia saepe do','North Royal','43'),(20,'f','1995-05-29',8650,'Itaque deserunt ratione dignis','Leonechester','93583'),(21,'f','2007-07-02',31161791,'Dolorum voluptate voluptatem s','Torphaven','276589'),(22,'x','1975-11-26',147517,'Maiores veritatis quo omnis ex','Wisokybury','381192795'),(23,'m','1971-01-02',240,'Non deserunt dolor porro rerum','Tremblayland','2'),(24,'x','1994-04-02',972613305,'Qui molestiae qui et voluptati','Willmsborough','179171536'),(25,'x','2001-06-29',0,'Culpa consequatur quia quasi c','Carletonside',''),(26,'m','1982-11-24',207,'Possimus illum molestiae occae','Claretown','71212615'),(27,'f','1996-04-04',4429248,'Tempore repudiandae nulla laud','Ashleyshire','6083670'),(28,'m','2018-12-24',28,'Maiores impedit voluptate aspe','Yolandaview','92479'),(29,'f','2015-06-06',787137339,'Et qui voluptatibus perspiciat','Conroyview',''),(30,'m','2015-05-01',263510736,'Incidunt vitae voluptatem et l','New Shyanntown','26763'),(31,'f','1972-08-03',98119555,'Ut laboriosam rem minus quibus','Lake Yadira','1546'),(32,'x','2003-07-19',88,'Voluptatem totam non corporis ','North Jaylanfurt','852260'),(33,'f','1979-06-01',231,'Distinctio et amet enim volupt','Augustusfort',''),(34,'f','2004-12-16',6251298,'Exercitationem a saepe non qua','Inesport','3449023'),(35,'f','2017-09-09',597549762,'Et consequatur repellat qui at','Lake Muriel','804816368'),(36,'x','2014-11-24',20352,'Natus nihil adipisci sit at vo','New Elise','733747'),(37,'m','2004-10-04',8,'Voluptatibus dolor commodi eaq','Williamsonville','961'),(38,'m','1996-06-07',436766,'Error qui officiis pariatur vo','Dellaton','2152024'),(39,'x','2009-01-18',121564,'Ducimus quia rem doloremque eo','Verlaville','476'),(40,'m','1974-11-11',89745154,'Rerum atque tempora impedit el','Hermannstad',''),(41,'m','2013-06-22',519777,'Ducimus dolorem repudiandae vo','Lake Ettie','88'),(42,'x','2015-05-13',208955,'Est doloremque vitae eligendi ','Clevelandside','41109'),(43,'f','2000-12-31',435061,'Aut ut ab sint dolorum in. Iur','South Webster','65'),(44,'f','2002-06-02',285824,'Dolores ipsam id voluptatem am','Port Morganhaven','40'),(45,'f','2012-06-09',14036,'Asperiores illum impedit eos n','Littelton','5787980'),(46,'x','1974-11-27',80,'Excepturi porro voluptate qui ','Consueloshire','984360400'),(47,'m','2004-05-15',2,'Voluptatem occaecati repudiand','Lemkeview','6106'),(48,'m','2009-09-29',898114,'Esse ut aliquid assumenda omni','Bettyemouth','561286'),(49,'m','1990-08-29',61,'Soluta animi nihil laboriosam ','Broderickstad','268764733'),(50,'f','1994-09-07',99,'Blanditiis totam accusamus seq','Port Esthermouth','606801'),(51,'x','1986-02-10',68864,'Exercitationem maxime repudian','Spinkamouth','77850479'),(52,'f','1977-10-30',76182287,'Ipsam nisi voluptas ut nulla e','Lake Anastaciomouth','506769'),(53,'f','2020-12-27',170156,'Eum vero molestiae repellat it','North Bulahton','2333308'),(54,'f','2005-04-29',81,'Ab possimus autem saepe quo se','Port Misty','108'),(55,'f','1987-11-11',3373746,'Ex quo est facere voluptas vel','Tillmanstad','7783218'),(56,'m','1971-07-20',922867,'Ex similique et porro itaque e','West Laurencemouth','698236272'),(57,'f','2012-03-01',561282,'Ut ut adipisci ducimus et anim','South Aniya','16953'),(58,'f','2020-01-04',907462485,'Et minus quia ratione velit. E','New Quincy','78846'),(59,'f','1987-06-24',73,'Sequi enim velit omnis quo cum','Schusterborough',''),(60,'m','2000-02-10',97618344,'Enim qui dolorem veritatis. Vo','East Edaton',''),(61,'m','2000-10-29',362402,'Accusantium quod sunt aut poss','Robertoberg',''),(62,'m','1974-08-31',397,'Quam odit voluptas non asperna','New Randiburgh','82'),(63,'x','2014-03-10',8436928,'Laboriosam architecto suscipit','Fisherbury','984582'),(64,'x','1974-12-07',3712594,'Omnis eum omnis vel voluptatem','Halvorsonport','87'),(65,'m','1997-01-15',8815074,'Architecto quo sunt voluptatem','East Gerardo','3270938'),(66,'m','1976-06-27',41102,'Qui totam dicta et delectus qu','West Ciara','94'),(67,'f','2003-09-20',91895882,'Non ad facilis reiciendis ut s','Port Blanchetown',''),(68,'x','1988-03-09',376,'Quisquam eum esse voluptas har','Hellerside','11'),(69,'x','1973-01-16',63,'Et illum delectus voluptas vol','Ritaville','19'),(70,'m','2018-07-30',239025008,'Voluptas sint iste at cum vero','North Enriquetown','168360372'),(71,'x','2016-12-05',8521,'Quis sapiente odit ea. Quia qu','South Mayahaven','2'),(72,'f','1986-03-18',17412948,'Non aut est impedit illum ulla','Altatown','70013717'),(73,'f','1990-08-09',142,'Blanditiis quis consequatur of','Port Fostertown','88102063'),(74,'m','2019-03-18',27799190,'Sequi sit corporis est ut vita','Modestoland',''),(75,'m','1970-08-07',1325,'Asperiores ratione eaque enim ','North Rosella','981412555'),(76,'x','1976-12-04',7715944,'Perferendis totam hic voluptat','Tiahaven','677'),(77,'x','1981-09-23',38275009,'Ipsum quis sint vel quibusdam.','North Ahmadton','59148'),(78,'m','1978-06-12',1,'Libero nihil quasi quo volupta','Port Murl',''),(79,'m','1975-05-11',3,'Perferendis impedit saepe quis','Danielborough','76'),(80,'x','2007-07-17',48,'Voluptatem et tempora dolore n','Jolietown','7'),(81,'m','1999-03-12',3921,'Voluptatem dolores natus possi','South Tyrel','93'),(82,'m','2004-09-07',150893,'Aliquid modi magni iusto totam','West Elianville','955'),(83,'f','1983-10-02',6865,'Sit labore sed voluptas quia o','Lake Novatown','525410980'),(84,'m','1978-08-07',334571498,'Sit rerum minima sit tempora a','South Gregorioville','49066523'),(85,'m','1997-08-04',158584123,'Molestiae voluptatibus expedit','McDermottview','43008'),(86,'m','1993-04-28',5792617,'Neque corporis tempora nesciun','Lake Fannie',''),(87,'m','2000-02-09',144148169,'Cupiditate ratione aut volupta','Murrayview','308'),(88,'x','2015-02-17',483876331,'Iste et quia quo voluptas qui ','East Luemouth','369'),(89,'x','2009-09-29',77179,'Excepturi soluta aliquid ipsam','Lake Amelieton','383'),(90,'x','1989-06-29',47744535,'Et totam molestias qui hic lab','Larkinfort','3'),(91,'m','1987-06-30',362348113,'Est dicta delectus rerum quisq','Brekketown','30459'),(92,'m','1976-01-23',80153548,'Quos voluptas iusto inventore ','Lake Tessietown','5866'),(93,'x','1975-07-02',975907235,'Assumenda natus eaque sint rep','Davonland',''),(94,'m','1971-06-08',13823281,'Aut animi ducimus omnis labori','Vladimirshire','6751714'),(95,'x','1995-07-14',626761455,'Quasi cum harum tempore quis m','Simoneburgh','755722'),(96,'m','2004-11-23',7412,'Delectus repellat voluptatibus','East Beulah','20334245'),(97,'m','1995-08-13',2503,'Facilis et et sequi rerum fuga','Port Lolita','87816'),(98,'m','1977-04-03',46164966,'Et necessitatibus repellendus ','Schillerland','560389165'),(99,'f','1988-04-11',5430,'Doloremque distinctio pariatur','West Bereniceshire','45'),(100,'x','1994-07-16',591664228,'Et quidem quis velit aut volup','West Scotty','77120');
/*!40000 ALTER TABLE `profiles` ENABLE KEYS */;
UNLOCK TABLES;

--
-- Table structure for table `users`
--

DROP TABLE IF EXISTS `users`;
/*!40101 SET @saved_cs_client     = @@character_set_client */;
/*!40101 SET character_set_client = utf8 */;
CREATE TABLE `users` (
  `id` bigint(20) unsigned NOT NULL AUTO_INCREMENT,
  `first_name` varchar(145) COLLATE utf8mb4_unicode_ci NOT NULL,
  `last_name` varchar(145) COLLATE utf8mb4_unicode_ci NOT NULL,
  `email` varchar(145) COLLATE utf8mb4_unicode_ci NOT NULL,
  `phone` varchar(11) COLLATE utf8mb4_unicode_ci DEFAULT NULL,
  `password_hash` char(65) COLLATE utf8mb4_unicode_ci DEFAULT NULL,
  `created_at` datetime NOT NULL DEFAULT current_timestamp(),
  PRIMARY KEY (`id`),
  UNIQUE KEY `email_unique` (`email`),
  UNIQUE KEY `phone_unique` (`phone`)
) ENGINE=InnoDB AUTO_INCREMENT=101 DEFAULT CHARSET=utf8mb4 COLLATE=utf8mb4_unicode_ci;
/*!40101 SET character_set_client = @saved_cs_client */;

--
-- Dumping data for table `users`
--

LOCK TABLES `users` WRITE;
/*!40000 ALTER TABLE `users` DISABLE KEYS */;
INSERT INTO `users` VALUES (1,'Eva','Ward','rgoldner@example.org','1-824-541-1','f51912ab9fbc6b75151a1b8a9b4f87090d97e57b','1999-02-16 20:56:15'),(2,'Noah','Kassulke','wbatz@example.net','542.634.521','393183ef43dcf608374f017cd4c243d88cf29bbd','1998-04-28 12:42:23'),(3,'Tamia','Deckow','ebony.bednar@example.org','(591)628-89','57bfae3be17efd5382d2292fb149907cc4a86662','1973-06-23 11:00:18'),(4,'Hadley','Stehr','idella11@example.com','029.994.359','84131d16682a4d766d4274bb13730447347929c0','1970-09-03 08:53:05'),(5,'Desmond','Nader','schowalter.edd@example.com','901.769.508','0f232165cdd85f956468987b69420cbc3dba70c1','2014-10-21 06:21:26'),(6,'Stephon','McGlynn','lemke.anabel@example.org','09616557902','49b5729945f18a79253399b334b0becfe378be48','1992-01-15 05:53:07'),(7,'Joseph','Kling','reinhold86@example.com','497.773.724','eeecfe6498565e8ffc9efe17d7e27ef66bd98d08','1974-03-04 07:36:22'),(8,'River','Gaylord','lurline39@example.com','1-266-239-0','1f170f1694797ed07576ef1b3af70dd42d7e9089','2011-07-03 09:46:13'),(9,'Hulda','Heller','strosin.jerrell@example.com','999.623.847','0c6af2fd50efecb0ab3c9768ca8806a883801352','1973-06-04 22:18:09'),(10,'Celine','Cummerata','christiansen.braxton@example.com','345-213-381','622b2a6a81b0bec5e31868f9d006da0c5cdaed7b','2007-05-07 08:34:30'),(11,'Lillian','O\'Kon','kenyon.hagenes@example.net','110-246-515','fd3ce5ef80a1f053820b79646a9a679a4b51b3f8','1992-10-25 09:25:19'),(12,'Cora','Reinger','hadley.ruecker@example.com','102.751.308','113284f1763867da52b95d8f79f3948ce9bd5050','1989-02-10 23:02:04'),(13,'Stanton','Jacobson','kcorwin@example.com','474-078-193','460a0b463b4f14c2134bf0e99a570b2e35d5a31a','2013-01-30 19:28:31'),(14,'Hayley','Doyle','elmo73@example.com','(457)442-15','36012174617cbd6985f525033ad182d8122cbc47','2000-07-18 03:39:05'),(15,'Tia','Rodriguez','metz.candace@example.org','02004970539','2e660aea2e68dac2d2efbb7a17c5b9dbbdb455fd','1991-04-18 01:37:28'),(16,'Marietta','Schroeder','ofelia.zieme@example.net','+29(6)04924','7fdb21f78fe1efba3d4b5f5344fcf74b979bc6b6','1999-09-14 01:26:10'),(17,'Joyce','McClure','daniela69@example.net','(686)724-21','45ce931831ab45542da917fdbdf739e618cab9c0','1996-07-17 03:58:03'),(18,'Katarina','Reilly','heber.keebler@example.com','1-265-485-7','b94d612fc8af6dc8de51a6e5920c1202ea8f1aa3','2003-11-12 14:45:14'),(19,'Johnpaul','Heathcote','cordie17@example.com','805-704-772','00da265f5f2b66ec0c651430b28a2a8963209759','1973-10-16 05:38:40'),(20,'Marisol','Gislason','bbashirian@example.net','(820)639-88','a90104f54e5ba491b426aacb8ea1ce5bdbe0c382','1982-11-09 04:37:02'),(21,'Nona','Dickens','maxine.mitchell@example.com','(053)875-52','0e6425f357c9796da7eb7dceba232c4da51b5d4f','2016-11-25 02:12:20'),(22,'Jannie','Kautzer','fkozey@example.org','1-383-814-8','331d0b4a78ad29089e4cb98cf45d926c69531b22','1982-09-08 07:17:41'),(23,'Sarina','Bogisich','ymayer@example.org','1-367-542-2','d9ba557376c5a9177159b36ba8e46112f6bdbace','2020-11-24 23:34:21'),(24,'Hoyt','Klocko','ubraun@example.com','1-324-186-1','e8298da728e328d29eccd03d5b48726a07aa7d6a','2016-03-16 05:36:13'),(25,'Milford','Kozey','savannah.johns@example.com','012.349.261','0662d61fb7d7d6f6bb02dc38fa6139bd6321f0bb','2019-05-19 09:35:46'),(26,'Paris','Wuckert','kmarquardt@example.com','(763)740-59','a6d583da09355fe4df9ff62fd4b60ce3ec3b7771','2006-10-21 02:08:52'),(27,'Madaline','Williamson','keeley.bahringer@example.net','218.572.023','d304c33e4a46384ffe20ae02dd93e18b7e3c675f','1992-04-11 04:34:45'),(28,'Michel','Gulgowski','hilpert.lance@example.net','1-450-253-7','6a833a2d510bcb7a590e15ed2ded95fb9e6250aa','1983-08-27 04:37:05'),(29,'Marlene','Sauer','dorothy83@example.com','+54(1)47660','fb94e53e4acc5403db549dc4d18722d56c4ddddb','1972-04-27 14:21:23'),(30,'Barney','Hand','retta55@example.com','(446)937-48','40658f5e8db72b2ebd5a36692af39b7aa925dc72','1979-09-29 08:58:39'),(31,'Armand','Stokes','plangworth@example.com','400.732.221','a3fd6dde5114e2f41534ec22478a27a1e4dc6bef','2006-12-19 16:08:01'),(32,'Madalyn','Thompson','jaquelin03@example.net','(362)140-32','c1418333143ef7c2ab8e6810eb1a410fc376d7fd','1983-09-19 12:33:57'),(33,'Elmo','Donnelly','alittle@example.org','1-394-733-8','9e129f45dad69d55871a4aee12908eaff20d76d3','2009-09-09 03:08:00'),(34,'Sincere','Crooks','cartwright.annalise@example.net','751.014.855','18d6ce4d03eaab057ff19ddd9ddca2b66323208e','2017-10-03 01:11:07'),(35,'Lexie','Medhurst','doyle.godfrey@example.com','901.824.871','fb13719bfcc258bae78209863cafd0504ead6151','1990-03-29 05:41:02'),(36,'Brayan','Bogan','gleichner.isaias@example.org','(605)521-38','122481aadf8137dc196849babc542a7051c0fa3a','1989-02-26 07:17:17'),(37,'Hermann','Lang','hreynolds@example.org','1-835-708-0','669cfd1220188a38543e3fc09449d4a7fad31a89','1976-01-09 17:36:22'),(38,'Carlee','Beier','zieme.anya@example.org','03064175874','8e005b4f26ae80c927b8d67721fc0ec75f01afe3','1981-01-22 14:12:02'),(39,'Janice','Fritsch','halvorson.shanna@example.org','975.707.774','3f95234a46bda8134f1423f0aa2646dd9c926d31','1984-05-30 23:52:01'),(40,'Jacinthe','Spencer','elwin90@example.org','904-142-376','5dc6d7934e2b08239f6f7a0d5a9780459517f116','1977-03-18 05:09:25'),(41,'Gustave','Gaylord','jrohan@example.org','(959)034-84','ce7dc79e6a8b5797fcccb605e2c374af41ce681f','1985-07-08 20:11:00'),(42,'Eloy','Greenholt','valerie.d\'amore@example.org','1-422-357-6','e7d660c115e44789ee4f5e0f54be26814f20b06f','1996-09-16 17:25:07'),(43,'Claude','Sawayn','ferry.gwen@example.com','299.522.778','bcf40a710f7e57919d4ca8439c85334b3c921a9e','1973-07-19 14:47:14'),(44,'Roselyn','Friesen','waylon55@example.org','1-326-105-0','bf270b01e0d25ab13308206c82c083369c1bc063','1999-05-23 07:53:30'),(45,'Samantha','Fisher','morton.rosenbaum@example.org','870-482-908','89059a57fb57182d91948ed31dd85073dfc5719d','2003-10-21 11:08:56'),(46,'Serenity','Ernser','patricia55@example.com','170-303-072','ddf1257a69c2e2349cf81e1a95b786c045d56b85','1975-04-03 17:32:36'),(47,'Lucius','Dickens','umann@example.net','921.701.968','3ac640486b7ceb62e87fa2b7c4469670bb19bd4f','1997-04-01 08:22:34'),(48,'Monroe','Crooks','kkilback@example.net','558-278-470','dfcd3ea3ef53364a49481ad4cd50189f4dea8a40','2021-02-23 10:35:14'),(49,'Sally','Bailey','dustin.bins@example.net','1-371-467-4','0a2885afe1c644e0cf1d47c62f4c0682efc1cbb6','1992-05-19 08:38:46'),(50,'Johathan','Nader','fgoodwin@example.com','1-066-830-4','e7afd57135863d9629936e1c2f86a0204c297d1c','1987-11-23 19:27:26'),(51,'Jarrett','Abshire','sallie33@example.net','+98(6)07091','b32c4bc3d34b73b5a13ce8f167534de92eecf174','2019-05-27 04:05:27'),(52,'Katelynn','Ledner','rgrady@example.org','111-876-491','c7dbd2c329b9b6e74d26714af9ff7819ca9a5261','1988-05-05 11:54:18'),(53,'Ed','Mohr','mabelle.kulas@example.com','(808)700-34','d626386dae0d961fc4dbe98d55cac92c0be4c876','1977-02-13 12:57:17'),(54,'Maryse','Breitenberg','kaitlin.haag@example.org','122-966-379','0c8e8c22d940a38bf7b5801749e5c7885982130a','1972-01-02 11:16:41'),(55,'Rhett','Runolfsdottir','garfield.gulgowski@example.org','504-973-862','5a10cc4f7f2ae9aa924570ceb1d341e4fd14b3e5','2001-08-18 23:10:53'),(56,'Floy','Upton','crath@example.com','(367)967-22','3b6011acbd3efb4112c519f5fe8f5ce215252cce','1971-04-22 09:45:30'),(57,'Desiree','O\'Hara','aliya.muller@example.com','507.631.347','386c5560c60127f93c7f1df71e67b8850bffc84d','1986-05-06 21:42:44'),(58,'Doug','Crooks','mkerluke@example.org','191-359-527','76b852226f506ca52529c0d4f5a2b2edfa0edede','2010-01-12 15:33:46'),(59,'Ellsworth','Flatley','davon61@example.org','1-430-216-9','67c97205398b8e7e6bddec7aa3a81693ffc4d199','1976-06-23 14:43:42'),(60,'Margarette','Hegmann','satterfield.abigayle@example.com','058-321-942','ad240449059dd84034db0ef5e4a2db3e6097ed0e','1992-07-17 03:43:41'),(61,'Savion','Ritchie','scarlett06@example.com','291.048.979','ed2cd4ea8b6800665d1fa5d8d74893b277806d72','1977-08-10 20:13:54'),(62,'Erwin','Walsh','hugh.halvorson@example.net','100-268-776','626bd943ab522577da789ee1d8c33e854dffbda5','1976-02-07 22:13:14'),(63,'Jared','Cartwright','dward@example.org','1-316-474-3','356eb36c6837cc44f4ad45689f8801a49d5d057f','1977-04-21 18:28:14'),(64,'Ima','Harber','elouise42@example.com','1-747-179-3','e606b9f575b5cee9292a1a2d2e182983ccafdd11','2015-08-01 07:00:58'),(65,'Carter','Koelpin','mariela87@example.org','(529)052-49','b4a92e2cef4de6d1b4f70ec05fa36ff355f18a96','2001-09-05 13:35:10'),(66,'Constantin','Luettgen','delpha.langosh@example.com','(737)232-45','3c935ff471569e393d48e09ba0b36f54d689bb33','2014-09-11 12:48:04'),(67,'Naomi','Kulas','josue42@example.com','(774)369-48','5a33d68ab6ea3d5286b725dfc5d137f731b3f327','1986-10-05 08:36:21'),(68,'Lavon','O\'Keefe','lauryn16@example.net','230-310-580','5d2c86824d678c4f10aad68bcfd4e8f5cba527d7','2012-09-29 16:45:50'),(69,'Justina','Fahey','agulgowski@example.org','05085234263','198bc60abc41d4ba1575a88c0eb093a6f92df5d2','1978-07-29 02:06:49'),(70,'Emmalee','Wisozk','eichmann.patrick@example.com','693-703-125','bb63a5c4caac20af59af7f9758e7b659380b1671','1977-04-07 21:16:39'),(71,'Morton','Harris','korey00@example.com','1-989-730-9','d789e39af452c2c988740f06a110edc17a37ec33','2003-04-14 00:58:59'),(72,'Pink','Prosacco','hettie98@example.org','678.349.383','5d61b8ed77b4e5ec7268ab99495b31fbdd489271','1976-09-30 09:54:35'),(73,'Cathrine','Hirthe','gerardo.reilly@example.org','+32(1)92041','29b587e50fd9a7426c3098332895393db36dd12d','1980-01-05 11:08:54'),(74,'Dovie','Rau','jovan83@example.org','295.810.733','e06a751723e4c64a1bc8a5cb825e80f5c62b8da8','1992-03-04 01:33:47'),(75,'Ole','Krajcik','amanda.turner@example.net','+17(3)80106','8b761cd41c10ec79131db58a7264193e0334ef4c','1996-08-30 09:52:55'),(76,'Eleanora','Roberts','fhirthe@example.net','1-702-948-9','5c40338e5c1bc815f32122c23085cc610685ac3c','1996-10-05 11:31:57'),(77,'Tiana','Boyer','goyette.maryse@example.org','1-029-380-1','2cd0d9e2e6993a0eb3b882430b1bffa3f52d8571','1983-05-04 18:27:55'),(78,'Oswald','O\'Kon','toy.abagail@example.org','231-120-314','7a71eb1e254710d6e92cb60cc1678e54276eab6d','1988-04-29 03:02:00'),(79,'Fannie','Veum','hgottlieb@example.com','624-954-350','d34a348298a364db25d803fc634238aa6c2f593c','1996-04-29 01:52:30'),(80,'Jerod','McGlynn','dbednar@example.net','064.900.100','bc79f97f9eed59d3bc1f190b938f5df3af1bf96c','1975-06-18 15:47:20'),(81,'Lue','Mayer','bschmeler@example.org','(036)937-56','4e288a3ec1a2108fb7bccf9019023d16a9a7fc2f','1990-02-25 23:25:29'),(82,'Maegan','Friesen','noemi.cassin@example.org','664-540-827','d9ba93e01cb7682e883dab2a23007857509bd190','1988-04-22 18:44:24'),(83,'Cornelius','Beier','pfeffer.ansley@example.com','1-820-009-4','3776c0b0fc5a8a4bbde04e263ce6c857ae9b14d7','2006-11-22 09:24:57'),(84,'Darrion','King','jovany.kunde@example.net','346-657-737','200421e647f9a202ca59d4b33d30989891dc08b1','1994-10-24 22:35:45'),(85,'Llewellyn','Schmidt','imelda.hills@example.net','959.668.218','52373ecf38b63a42dbf650adcde9e66b1fc10588','2000-03-13 19:43:15'),(86,'Dean','Heller','drake.wolff@example.org','913-109-507','c40998e1e914a6c232ba7be47370bec4bdabd716','1975-01-02 23:50:09'),(87,'Odie','Becker','brant60@example.org','1-693-793-1','6de391537efcc464305893f45ee105dea219e9fc','2002-05-07 02:00:21'),(88,'Frankie','Walker','lvandervort@example.com','1-151-442-1','29e441b2e624ce418810e59811acea4d5d338ce1','2016-12-01 13:08:34'),(89,'Jocelyn','Bartell','urban.considine@example.org','05681069930','e848d5e41d1ab7c3ed031721d26f1a1432ff5b22','1987-11-23 09:53:53'),(90,'Theresa','Ortiz','wilson13@example.org','149.075.651','15213c5b30f836ed2b8037e70f726c716ac4b327','2019-05-21 16:24:18'),(91,'Daisha','Von','jessyca.ziemann@example.org','1-347-141-2','a5eecd1c50cc9218b34a899a075e6b966217bc6c','2016-10-15 15:26:56'),(92,'Frankie','Prosacco','sally31@example.com','1-932-572-6','9de177d68907478d3238e4eb4e015494e6e80d22','2007-05-07 21:40:00'),(93,'Miracle','Stamm','o\'kon.elinore@example.net','(206)970-00','2e40d96e0f4acf38deab4cb43644722b13b6fc2b','1997-06-12 04:53:01'),(94,'Kelsie','Jacobson','leila76@example.org','1-680-766-2','5fe636fe8cff85c2191d8d18748c1a22a2de29be','2006-09-17 09:15:25'),(95,'Alessia','Bogan','ilehner@example.org','1-435-057-1','af186a8131346566a7fb8188c778d756c902288c','1981-04-20 04:29:32'),(96,'Alexandrea','Bartoletti','ksauer@example.net','1-741-046-4','33293e19293705599d9e5728dfbae8c86316d40c','2008-05-05 05:27:11'),(97,'Ewell','Stehr','nikko.barrows@example.com','(927)330-94','137a36f2db12f61703307bf23d968b2edca41efb','1987-07-09 10:28:42'),(98,'Madelynn','Blick','coy.gerlach@example.net','(400)008-11','ef465a45ff58fa0a008717014afe11b0acf64442','1991-11-06 08:37:34'),(99,'Florine','Parker','bartoletti.ezequiel@example.org','1-891-816-3','3e47dc20ba3797905c81cfffeed56040986d20de','1999-05-01 16:22:31'),(100,'Marisol','Hyatt','javier16@example.net','1-314-123-5','330024b6dd834addc827b5c4b870b2b8bc824350','1977-11-14 19:36:19');
/*!40000 ALTER TABLE `users` ENABLE KEYS */;
UNLOCK TABLES;
/*!40103 SET TIME_ZONE=@OLD_TIME_ZONE */;

/*!40101 SET SQL_MODE=@OLD_SQL_MODE */;
/*!40014 SET FOREIGN_KEY_CHECKS=@OLD_FOREIGN_KEY_CHECKS */;
/*!40014 SET UNIQUE_CHECKS=@OLD_UNIQUE_CHECKS */;
/*!40101 SET CHARACTER_SET_CLIENT=@OLD_CHARACTER_SET_CLIENT */;
/*!40101 SET CHARACTER_SET_RESULTS=@OLD_CHARACTER_SET_RESULTS */;
/*!40101 SET COLLATION_CONNECTION=@OLD_COLLATION_CONNECTION */;
/*!40111 SET SQL_NOTES=@OLD_SQL_NOTES */;

-- Dump completed on 2021-03-18 20:11:09
